{
  "N": 32,
  "x": [-4.04956493526697, 8.25766395777464, 5.32888242509216, -3.58453676104546, 5.73554401751608, -7.82385423313826, -3.21383376140147, 3.9561734162271, -1.38840081635863, 9.07924043014646, -4.49562148191035, 6.32695141248405, -3.47119290847331, -6.58622827846557, 6.48979095742106, -3.99367941077799, -4.38920301385224, 4.93799159768969, -4.86312907654792, -8.06362138129771, -6.41404143068939, -5.98879040684551, 9.60348283872008, 1.06423838064075, 5.99834017455578, 6.79171882104129, 4.8052446031943, -8.86743925511837, 4.77756565436721, 6.58990902360529, 8.30200712196529, -9.56831366755068],
  "y": [-0.2234826418725, -1.19145858603638, -0.788452136188399, -0.176669841166087, -0.582221802712782, 1.58748761699362, -0.278706784701261, -0.167251366634511, -0.407055074051922, -1.3284733951703, -0.0290577694454844, -0.455569358176528, -0.282286236063243, 0.65694475712268, -0.489787141845855, -0.375322761617978, -0.00436783648682386, -0.378909636184091, 0.347175440337679, 1.84560177560127, 0.666828358068893, 0.715914092030237, -1.45665346667685, -0.0751036463554861, -0.513721754091235, -0.323859606677355, -0.385347484377116, 2.30733520933648, -0.575047009632366, -0.435017296323547, -1.22252358158763, 2.71709296869181],
  "N_predict": 32,
  "x_predict": [5.05482535343617, 0.820794058963656, -2.50385813415051, -9.67894510366023, -6.88112460076809, 3.55423219967633, -5.40154515299946, 9.83825759030879, 1.3791167549789, -1.86318706721067, 2.19658532645553, -7.45320145972073, 8.59129341784865, 2.84656513016671, 5.40790542028844, -5.93149079009891, 1.83524083346128, 8.80487333983183, -1.72288194764405, 3.15902359783649, -3.14786131028086, 7.94649737887084, -2.94923088978976, 1.31009798496962, 1.46145030856133, -8.13311715610325, 5.48584348056465, -2.41589398123324, 7.26624177768826, 4.62039586622268, -8.26823943760246, -2.60485421400517]
}
