{
  "N": 256,
  "x": [-4.92360677104443, 4.37980975024402, -4.20206051319838, -6.28041413147002, -3.00561351235956, 7.49746776651591, -8.02206644322723, -0.249847113154829, 6.91685219760984, 7.86154572851956, -0.543792652897537, 8.46224845387042, -4.36218473594636, -1.3798459386453, -3.20637763943523, 9.55226099584252, -0.47609384637326, 6.68443697504699, -7.73099686950445, -8.40374652761966, 9.69522284343839, -9.89406818989664, 0.281160390004516, 5.17756565473974, 4.52929670456797, -6.70476832892746, 1.67078195139766, 3.3376294048503, -6.58302806783468, -6.49857870768756, -5.40290186181664, -9.87886969931424, 4.5220196293667, 2.72756966296583, 3.22385832201689, 7.6595059921965, 4.8888278985396, -1.08486388809979, -7.62668249197304, 8.97002246230841, 5.57226072531193, 7.69563723821193, 5.5398955475539, -9.15741873905063, 6.38340569566935, 0.220845802687109, -3.31592436414212, -0.109264277853072, 0.0508969696238637, 5.15715308487415, 5.85745266173035, 9.11763756535947, 9.12287074141204, -0.926247141323984, 3.76659821718931, 8.54398956056684, 7.84369464032352, 3.17147808615118, -8.47594966180623, 0.8991934126243, 0.426906323991716, -4.04417034238577, 4.45367249194533, -4.45546239148825, 7.84393386449665, 2.78775845188648, -5.26849779300392, 2.41752936504781, 1.07680380344391, 8.85674486868083, 8.43086201697588, -2.57504977285862, 4.19977478217334, 9.024698715657, -2.28908863384277, -3.35499846376479, -8.43043143860996, 0.651523633860052, -0.201181806623936, 0.125295608304441, -6.4277745038271, -9.03902561869472, -1.46000612992793, 3.99377742316574, 0.856783939525485, -6.17702377494425, 1.72134792432189, -4.91341257467866, 9.66819550376385, 9.21032581012696, 5.0972002511844, 6.33336537517607, 4.90232285112143, -7.79047867748886, 4.1099046356976, -2.55531479604542, -8.22390218265355, 7.37515517044812, -9.65123652946204, -0.659731696359813, -8.35523358080536, -5.62828855589032, -8.51712523493916, -0.629181480035186, -5.18966997042298, -6.44032460637391, 4.79401215910912, -5.93818948604167, 1.39182593673468, 6.25097793992609, 9.10169469658285, 7.17228844761848, 9.8295959783718, -6.00390295032412, 9.01976552791893, -5.4129520105198, 0.784186632372439, -4.06829804647714, -1.21463398449123, 6.752696223557, 5.52613402716815, 2.51638875808567, -2.50109315384179, 3.95078506320715, 9.55751571804285, -8.38583351112902, 2.82682406716049, 6.95054159965366, -3.8620684389025, -1.5725695900619, 2.08663864061236, -1.10778502654284, 2.66210543457419, -3.99198500439525, -4.62855141144246, 1.26493463292718, -8.72379517648369, 0.448509375564754, 1.56799845397472, 4.72549921832979, -9.0558506641537, 1.35058077517897, -7.99366486258805, 3.14519021194428, -2.4046076182276, -4.9191922089085, -5.00797333195806, -7.29683358222246, -3.32322108093649, 8.15172160509974, -0.288365143351257, -6.1847428791225, 8.65481834392995, -9.7497894987464, 4.17784892488271, -1.02556942496449, -7.27294917684048, 0.842384560965002, -4.53588295262307, -0.703130126930773, 2.12842708453536, -7.79123757500201, -4.52432374004275, 8.39198163244873, 6.17448308039457, 6.00796915125102, 8.63121865782887, -9.00204679463059, 7.93378564529121, -0.701377782970667, 3.05282908957452, -1.57034497708082, 8.42744015622884, -9.06773535534739, 3.87590250000358, -3.27663048636168, 2.66555961221457, -5.50861917901784, -4.5970421936363, -3.50074412301183, -9.08627318684012, -2.42372321896255, 7.21028019208461, -1.86940897256136, 4.01214811485261, 2.36419909633696, -7.03224542085081, 1.79568347986788, -7.81868617516011, -3.10684910975397, 6.3056327495724, 6.00061555858701, 2.63970026280731, 1.28398791886866, 0.023369831033051, 7.92703461367637, 7.43745695799589, 3.35539169609547, 0.804927106946707, -5.71350031998008, -9.47841042187065, 5.25132621172816, 0.0571918720379472, 3.36734273470938, 6.98794908821583, 4.08614517655224, -9.33866141363978, -5.69793458096683, -5.10659419931471, 7.66010507009923, -5.70283536799252, 2.29386216029525, -6.27100446727127, -7.18373732641339, 1.8019858142361, -3.85874084662646, 1.34280177298933, -0.824486366473138, -1.06489893514663, 4.0371524868533, 5.94360191840678, -9.46683351881802, -7.16799126472324, 1.27268632873893, -2.66337880864739, 5.61304807662964, -3.84164473973215, -4.17701981961727, 4.42902121227235, -9.5614502672106, 9.23398909159005, 5.06488692481071, -7.91608346626163, 6.39526401180774, -9.06525194644928, 7.50497353263199, -8.20598667953163, -1.10449203755707, -0.737761259078979, -9.03517082799226, -1.81933910120279, -9.99046304728836, -6.3463085051626, 9.07402734272182, 6.47824896965176, 7.95165315736085, 7.58729606866837, -4.0259241964668, 3.42515588272363, -8.63154543563724, -8.26766921207309, -9.55224154517055, 2.50774145592004, 0.381846851669252, 8.06201113387942, -2.71043291315436],