{
  "N": 16,
  "x": [0.995085267350078, 3.47152465488762, -7.20391686074436, -0.381663958542049, -0.712335975840688, 3.57498109340668, 2.35245655756444, 5.32411054708064, -2.21774170175195, -1.82093283627182, -7.25077005568892, -6.25697863753885, -1.62357667926699, -0.000903173349797726, -0.545425526797771, 9.53718350734562],
  "y": [-0.00704434285951837, -0.22924519548254, 0.878615800950917, -0.525303610473024, -0.539040738295873, -0.0892828818136722, -0.465261572677884, -0.520088021252373, 0.0685037636309637, 0.116210017924743, 0.965900846598072, 0.682094215407834, -0.158175894101695, -0.329374745882226, -0.634070207269234, -1.60436685863688],
  "N_predict": 16,
  "x_predict": [-2.25402641575783, 3.247763463296, 4.10473475698382, 0.509523516520858, 9.41630280110985, -2.14026147034019, -7.20510035287589, -4.13262532558292, 1.92470950540155, -8.51462586317211, -6.37816164176911, -0.661674099974334, 6.16529771126807, -9.34052197262645, -0.178447877988219, -8.48930415697396]
}
