{
  "N": 128,
  "x": [-9.48976271785796, -7.62560327071697, 3.09537660330534, -8.27017804607749, 6.62020401563495, -0.0480119325220585, 1.29342034459114, -3.49337858147919, 8.7399044400081, 2.70928151905537, -5.60646493453532, 2.03393054194748, 6.13739028107375, 1.47028708830476, -5.68203891161829, -6.61012596916407, -5.08465715683997, 0.439609340392053, -1.90255720168352, 1.57360912766308, -5.01266316510737, -8.95397982560098, 4.5661563007161, 1.17116271983832, 2.42143186740577, -4.13483695592731, 0.210838709026575, -9.9062576238066, 1.98516831267625, 7.3016992630437, 7.24745793268085, -6.70328393112868, -0.271152700297534, -3.97002042271197, 7.23319018259645, 7.15788619127125, -3.92944471444935, 0.793466423638165, 5.70527236908674, 7.64188789762557, 9.71101715229452, 1.14966184366494, -0.320262056775391, 8.83582545444369, 7.11065478622913, -3.76196996774524, -9.11045498680323, -2.32646360527724, -7.9006520844996, -9.41405985504389, 3.7901009246707, -7.47111042030156, -9.2990898527205, 9.93605526629835, 5.78049186151475, -4.29422638844699, 0.859163631685078, -0.130936335772276, -1.33420063648373, 3.94971375353634, -5.89849679730833, -6.10804395750165, 0.822023563086987, 3.9258934231475, -0.587728642858565, -7.03159232623875, -9.85982705838978, -0.0283235451206565, 3.17781877703965, 6.99030589777976, -7.85603276919574, 7.30268114712089, 8.77739891409874, -4.95118273887783, 4.25432075746357, -6.36644307058305, 4.08394433092326, -3.87926762457937, 3.84621102362871, 7.20083478838205, 5.38839583750814, -8.8832707516849, 0.354470326565206, 9.56887233071029, 3.31269228365272, 6.88441545702517, 3.18060164805502, 7.49642086680979, 1.04795109480619, 7.52395863644779, -3.1829331163317, -7.42044843733311, 2.66378623899072, -4.11087182816118, 8.16772070713341, -6.66159552987665, 8.9163883170113, -9.70942935440689, 3.04772024042904, -0.314757251180708, -9.5161425229162, -6.63554297294468, 7.75145455729216, -0.916751348413527, 3.7511102668941, -5.31092475168407, 4.43021183367819, -0.239469618536532, 8.25346786528826, 3.32531416323036, -7.69343838561326, -5.60065067838877, 2.9050677921623, 8.32127939909697, 3.90665608458221, 5.72560926899314, 6.21636666357517, -5.13506578281522, -1.29269463941455, -2.92809305246919, -6.6997608076781, 4.33489665854722, 4.69293913338333, 1.00437041837722, 3.31031872425228, 3.75267615076154, 1.51532058604062, 8.52041892241687],
  "y": [2.5506087744337, 1.30845957818478, -0.344446751666111, 2.04077280214992, -0.392828384454016, -0.33639416638724, -0.138100851793132, -0.293738465646199, -1.38533113095681, -0.209916113712545, 0.84215843567377, -0.323361035762522, -0.487205454199505, -0.00307811282298665, 0.685621566210669, 0.668977625176641, 0.250723663316064, -0.072066700492804, -0.195277583888233, -0.308475845650192, 0.404662737852262, 2.35191321106621, -0.0326459775236498, -0.288238256657174, -0.458217902778959, -0.160347932090288, -0.285601312868105, 2.8987810044488, -0.521396786014142, -0.478308695122876, -0.65303848136522, 0.592017428650417, -0.438109819514304, -0.307584834689747, -0.30146920208953, -0.356357503615139, -0.163433445924888, -0.179750668660364, -0.652742111276333, -0.916623982608165, -1.47959471972002, -0.0854331377127153, -0.663181271068955, -1.27325465296056, -0.30176028987391, -0.26153122194057, 2.48100966167277, 0.0792735229725888, 1.50660924198361, 2.61569286270397, -0.135117600136527, 1.0384706894085, 2.43517574617358, -1.54701057146666, -0.74884135456208, -0.178487326032044, -0.144280938806569, -0.466293086781429, -0.458931160613152, -0.0950290728443492, 0.689940995567087, 0.641349437925821, -0.022184736409299, 0.0703938573556776, -0.484065725578821, 0.824755802748913, 2.75855442577328, -0.20835853358893, -0.157602945921645, -0.308078979562005, 1.41244571368113, -0.586377895887931, -1.57652489978451, 0.214308705751382, -0.216187015086061, 0.540807737415281, -0.0500020108546327, -0.222684538915071, -0.240986784257738, -0.421180569772187, -0.700626090186634, 2.44839362467511, -0.181695498286611, -1.44996701898925, -0.115653980494468, -0.400840047324785, -0.185727623119887, -0.653905611655216, -0.240866542362776, -0.644742365137512, -0.166482650548698, 1.20559456167683, -0.57248473707867, -0.223863755911402, -1.04533092796113, 0.603052929546166, -1.59507693110799, 2.78710764131823, -0.3184313906801, -0.420282511082498, 2.66649931561453, 0.760325201449784, -0.868511717517187, -0.510360467965591, -0.0902483216184152, 0.53024116596895, -0.0930164843295953, -0.29757726388189, -1.3440656986696, -0.197856190188144, 1.40243653496383, 0.585449593903069, -0.335826642809115, -1.15490197973995, 0.0435863985041615, -0.409434326732285, -0.626274895287677, 0.370529813337566, -0.441662768119216, -0.121373026445252, 0.601334975308881, -0.262512980298102, -0.302984984566104, -0.306809396965983, -0.268192652937205, -0.0758842903111253, -0.127324257808504, -1.36060112179417],
  "N_predict": 128,
  "x_predict": [-7.44744639378041, -1.75957892555743, 1.25821508932859, 6.14541852846742, 8.67247506510466, 6.58331946935505, 6.75759214907885, -1.10069908667356, 7.21174562815577, 1.72272920142859, -5.58861443307251, -3.79704399500042, 2.35267200041562, -5.63602177426219, 6.90637493971735, 3.70870011858642, -6.31669890135527, -8.1575899804011, -5.18106584902853, -1.2008271785453, -5.26250694412738, -7.4200635869056, -9.44432793650776, -3.61805662978441, 6.88210307620466, 3.44444283284247, 9.40215793438256, 6.17703625001013, -1.13693302497268, 3.75954890158027, 7.04183169174939, 7.59005902335048, -0.392450736835599, -2.62851530686021, -9.68423003796488, 1.63753995671868, 1.5722963726148, -8.20618214551359, -4.98110566753894, 7.790472144261, -8.49401802755892, -6.57320685684681, -8.34656829945743, -0.05760099273175, 2.52624531742185, -9.86916303168982, 6.08485971111804, -3.96875918842852, 4.06847555190325, -2.11940101347864, -8.72557960916311, 8.7970914831385, 9.75352182984352, -4.17191156651825, 6.69910900760442, -7.51396815758198, -4.90240561310202, -0.513661196455359, -6.21990675106645, 5.03113517537713, 1.09361933078617, -8.18492115940899, -9.87341948319227, 0.292211789637804, 9.60113827139139, 1.08255060855299, -0.68180572707206, -0.0204105209559202, 9.94373789988458, -9.15987562388182, 0.690152179449797, -5.86924597620964, -4.7073565190658, -9.14688931778073, 2.88378315512091, 0.589972413145006, -7.98153837677091, 5.55280266795307, 4.81963122729212, -0.651690615341067, 7.38790153991431, -0.607170490548015, 7.91541237849742, 5.80276422668248, 7.07942876499146, 7.70135450642556, -7.48720299452543, -1.85490254778415, -8.29192971345037, -9.96523252688348, -0.910937511362135, -3.93589303363115, -9.51556062791497, 6.02253579068929, 6.28031113184988, -1.20163081679493, -3.51714853197336, -1.55688975937665, 9.18285323306918, 1.71491485554725, 6.88757332507521, 2.59066508151591, -8.58706136234105, 6.75777691882104, 2.66241375356913, 1.13209327217191, -2.23402470815927, 9.66474554501474, 4.25102033652365, -3.56340228579938, 2.07450304180384, -3.61046609468758, 5.51327134948224, -1.47553415503353, -0.820503723807633, -8.46775017213076, -6.66606704704463, 6.20218011550605, 5.74247086886317, 7.46137300971895, 6.38121721334755, -1.00922622717917, -0.411975742317736, -3.76100397668779, -2.61873956769705, 4.17692930903286, 5.50839169882238, -3.99713797494769]
}
