{
  "N": 16,
  "x": [0.789153724908829, -9.93543292395771, -3.8776058703661, -9.9220041744411, 4.92852001450956, 0.980310719460249, -2.06297315191478, -7.44698891416192, -8.55568365659565, -8.54947161395103, -2.16772006358951, 7.85683190450072, 7.04081652220339, 9.01538730133325, 7.65271062031388, 3.62150696106255],
  "y": [-0.0144585390572483, 2.83866886805406, -0.244696470256913, 2.8858896779939, -0.397600374971772, 0.0266691317612065, -0.0428911991955895, 1.09495157259696, 2.14542630632454, 2.02134600221399, -0.216556357922784, -0.827465339234652, -0.509406898026893, -1.40583874275747, -0.733600418483199, -0.180229210083278],
  "N_predict": 16,
  "x_predict": [-8.1222763331607, -2.36148338299245, -9.10255814436823, 3.74898617621511, 1.04438642505556, -7.11000590119511, 8.63039858173579, -4.81402662582695, 3.96951052825898, 1.91874063108116, -0.490084225311875, -5.15031773131341, -8.72446592897177, -9.02378765400499, -7.54563219845295, 1.5170469507575]
}
