{
  "N": 256,
  "x": [-6.1331239156425, -1.09283558093011, -4.34760136995465, -2.48080755118281, -6.29492311738431, 6.80214579217136, -6.79733788128942, -6.67678858153522, 7.73017328698188, 0.979808922857046, 2.33452670276165, 9.58224627654999, -2.23055193666369, -9.01419455185533, -7.16205766424537, -2.80265284702182, -7.94662086293101, -3.58111563138664, -6.06730416417122, 9.64774400927126, 6.84528698213398, 0.940904142335057, 3.53758336510509, -8.14201410859823, 0.386554771102965, 9.60541856940836, 5.88407034985721, -3.22427521459758, 3.00576409325004, -5.34024809487164, -2.63719467911869, 0.902320998720825, 7.90389837697148, 2.54530689679086, -3.12007474247366, 9.88292240072042, 7.37212294712663, 3.41676755808294, 1.60508672241122, 0.0412468193098903, -2.91466522961855, -0.984581881202757, 8.53323061484843, -0.139252273365855, -5.13506582938135, -0.00979176722466946, -6.09771751798689, 5.05733950529248, 0.833814805373549, -9.80969034601003, 4.515510648489, -2.28872344829142, 4.03880193363875, -7.94253022409976, 6.83435887563974, -4.5976699469611, -1.78993952460587, 5.28834850061685, 5.87603879161179, 1.19836843106896, 4.78134153410792, -3.97942331153899, 3.70642949827015, 6.75734952092171, 7.33514234889299, -1.83122654445469, -7.65656087081879, 4.81807249598205, -2.80186423100531, 4.20373964123428, 9.25069097895175, 1.12101524136961, -5.62577025964856, 0.57267433963716, 3.59938531648368, 1.63909871131182, 4.56242284271866, 6.05493129231036, 6.58024350646883, 2.20762897282839, 4.04644882306457, 7.88511404301971, -5.30603464692831, 7.66709846444428, 7.50790078192949, 9.40259337425232, 2.48802013229579, 5.86578058544546, 1.13510980270803, -9.39096417743713, -6.35388237889856, -8.98451255634427, 8.365115406923, -4.38207446597517, 3.00808305852115, 9.18985903728753, -0.533809359185398, -5.09206406772137, -9.02585275936872, -9.35775796882808, -9.24803238827735, -1.89498180989176, 7.64624468050897, -3.52520810905844, 7.2569076390937, 4.72343499772251, -6.82071990333498, -0.125847747549415, 4.35994852799922, 6.43638067878783, 4.59818746428937, -3.99510839954019, 5.86093062534928, 3.09663984924555, 9.15724949445575, -0.506164636462927, -0.860935999080539, -5.80710955429822, -8.30506443046033, 0.00865069217979908, 9.63249389547855, 4.82683167792857, -2.47198392171413, -4.46082870941609, 9.52073409222066, 9.74223385564983, -7.25833719130605, -0.0364074390381575, 2.79990511480719, 4.74741035606712, 3.649288918823, -1.53646386694163, 7.37542017828673, -2.54444210324436, 3.91609685961157, -5.97277862019837, -8.5582517972216, -0.481882160529494, -4.83977869618684, 7.67054890282452, -1.45469014532864, 1.4473775960505, 6.39473671559244, -3.61296586692333, 1.05292255058885, -9.37941842246801, 8.518938254565, 5.37665436044335, 1.98974219150841, -1.26193603500724, -7.20204502809793, 3.37561917025596, -9.40415027085692, -6.05982737615705, 1.78089483175427, 9.01479787193239, 6.72322822734714, -6.358771934174, 8.20893825031817, -6.19207822717726, -1.7366502713412, 1.02305489126593, -8.98717020172626, -5.17193785868585, -8.88421446550637, -0.256631500087678, 1.39262690208852, -3.77482325769961, 4.89752951543778, -0.768790128640831, 5.70511963218451, 1.75614416599274, -9.53462567646056, -1.67614950798452, -5.8609818527475, 3.56845997273922, -3.74575918074697, 0.694956807419658, 2.98579926602542, -6.38614018913358, 5.03180426545441, -2.9227428836748, 6.05645115487278, -2.12054346688092, -1.47750654257834, 6.00314606912434, -8.90886173583567, 9.46459187194705, 4.13421857170761, 6.54924329835922, -4.86688996199518, 1.10039656516165, -0.339257577434182, -6.80236463900656, 9.81080593541265, 0.134827233850956, 6.87617050949484, -6.36743357405066, -7.23004708532244, 8.55696699116379, 5.7830595318228, 6.50433710310608, 9.21071696095169, 4.70727229956537, 8.15778814721853, -9.01610208675265, 1.13373581785709, 4.64335802011192, 7.82889378722757, -8.51766219828278, 0.944808009080589, -5.03821606282145, 5.95089885406196, -6.6785208042711, -3.44110536854714, -4.90031587425619, -8.65594249684364, 6.88420731574297, -3.94687100779265, -6.52058472391218, 8.11966322362423, 9.19076971709728, 1.30014364607632, -1.42506381031126, -7.15422166511416, -7.60526369325817, -5.48585425596684, -9.22584362793714, -5.59967036824673, -4.5271685346961, -3.44594865571707, 2.05441326834261, -1.66392220649868, 9.14928450714797, -1.28135744482279, -1.51727179531008, 7.77225885540247, 5.59868101961911, 9.29696060251445, -7.46774444822222, 3.6417953716591, -6.05765843763947, -9.62629593908787, 4.66328440234065, -1.48030166979879, 4.1290817130357, 6.42954759765416, 4.03100884519517, 9.1474408749491, 9.67330768704414, 5.49316834192723, -8.44073590822518, -2.62336610816419, 9.51038196217269, -3.17398160230368, 6.03470703586936],