{
  "N": 256,
  "x": [8.36163257714361, 5.34609642345458, -7.56153056863695, 3.4271117253229, -0.424942974932492, -6.68626411352307, -0.62146907672286, 3.08487308211625, 7.04233058728278, 2.64722351916134, 6.91138428170234, -4.33661526069045, 8.71960280463099, -0.913373422808945, 0.583543772809207, -5.5153569765389, -6.65870628319681, -0.803092722781003, -7.11974495090544, -2.7398149156943, 4.23846653662622, -6.3820342766121, -1.48990819696337, 4.62424771394581, -3.8987798942253, 7.38240183331072, -9.98605769127607, -6.63588524796069, -1.47553822491318, 5.12742585502565, 1.76708617713302, 2.88169491570443, 8.20801829453558, 5.38559552747756, -8.97153897210956, -0.795046580024064, 7.20126286614686, 8.48781999200583, 5.17453209031373, -6.14803163334727, -7.00612401589751, -2.44962639175355, 3.94535838626325, -8.02367948926985, -8.79715810529888, 3.94149484112859, -0.740319499745965, -3.47524954937398, -8.75015465077013, -0.464809318073094, 3.40329361148179, 0.180992414243519, -2.67675648909062, -5.15748283360153, -8.67976186331362, 2.01714286580682, -6.9969392195344, 9.75308617111295, 1.67699884623289, 4.18084979988635, -6.25073587056249, -7.58387881331146, -5.54463318083435, 1.72072276473045, 5.60282826889306, 3.08032967615873, 8.14108135644346, -3.40482548810542, 3.61817898694426, 1.73849355429411, -2.12350785266608, -3.85647555813193, -1.28672713413835, -2.48386678285897, -7.40809225477278, 1.0090696439147, -0.807373961433768, -7.48623172752559, 1.95001476909965, -3.51681866683066, -0.75522820930928, 0.453334776684642, 6.44253878854215, -6.54999427031726, 6.99608282651752, 8.9456281485036, -1.22220095712692, 6.54616673942655, 8.84012789465487, 2.76482982560992, 2.67564891371876, 7.00695068575442, -5.12264534365386, -8.16580399870872, 2.88300027139485, -0.82866620272398, -0.890821064822376, 0.681488863192499, 8.607900836505, 8.41581431683153, 8.95652963314205, -8.26764815486968, -1.60690105520189, 5.3541162237525, 9.15336561854929, -6.95227205753326, 1.45892921835184, 4.37426222953945, -6.2404675129801, 6.32253247778863, 8.47210933919996, -5.70288888644427, -9.0546866459772, -3.00554173998535, 8.00860656891018, 5.92753129545599, 6.74585977569222, 5.39068563375622, -7.24669544957578, -6.33763959165663, 7.07937700208277, -5.84233998320997, 8.55014735367149, 8.47954011987895, 0.739575936459005, 4.05447301920503, 7.42193430196494, -7.19404314644635, -8.26530152000487, -7.28512357454747, 4.42101528402418, 1.08330045361072, -1.72615036834031, -9.623061446473, -3.88276416808367, -3.74276905786246, 0.780979036353528, 5.92810905538499, -3.17182724829763, -4.80057469103485, 6.70236514415592, 1.63953468669206, 3.29702543094754, 2.64994370285422, 9.13038379978389, 1.69576427899301, -0.341750211082399, -9.7307910118252, 0.383422612212598, 2.48857462313026, -4.03000015299767, -2.04932666849345, 8.66953006479889, 3.29860026948154, -4.4855700712651, 1.88703362364322, 4.73472779616714, 0.28540410567075, -7.26991939824075, 5.77749589923769, -4.1280352184549, -1.36258093640208, -8.93921178765595, 7.26989817805588, -4.40413609612733, -2.36224438995123, -2.72838298697025, 4.13722220342606, -5.24150594137609, 0.522130061872303, -5.81529533490539, 7.57572071161121, 8.99717766791582, 0.216393563896418, 3.47513255663216, -7.26625742390752, -6.68578409589827, 5.20792199764401, -0.569461467675865, 4.78267012629658, -4.0499428100884, -6.51326738763601, 3.10722113121301, -0.85787215270102, -4.58785485941917, -7.14467634446919, 2.58056658320129, -2.29262763168663, 6.74474873580039, -5.07257766555995, 9.45304988883436, 6.60810040310025, 1.2924022693187, -9.35167816933244, 9.80759549420327, 2.08203423768282, 0.444760583341122, 8.93110075034201, 7.52772607840598, 8.82630081381649, 4.26192393526435, 3.24813479091972, 4.8396508814767, 8.40645655989647, 9.10516167990863, -6.10747532919049, -2.4239698657766, -0.691977478563786, 6.80031574796885, -1.98348889127374, -4.55919045489281, -7.53896886482835, -7.42496872320771, 8.77575456164777, 4.412936209701, 3.18026554305106, 6.24009617138654, -9.71069193445146, -8.69479698128998, 7.6500015379861, 3.61193974968046, -7.23170688375831, -6.51599639095366, -5.16222642268986, -9.64832857716829, 1.29842464346439, 3.25716952327639, 0.0378029374405742, 1.79724929854274, 0.915187988430262, 7.05209510400891, 8.85099384002388, -1.82702526450157, 5.75768649578094, 9.55254158005118, 9.64999320916831, -0.240459581837058, 2.83776210155338, 3.75278216786683, 5.11040219571441, -7.68811127636582, 6.26472039613873, 3.63391150254756, -8.82094961591065, 5.72350960690528, -4.08980439417064, 3.24623530264944, 2.48517998028547, -3.65634416230023, -7.0328881079331, -2.28102414868772, 5.35352062899619, -7.11472159251571, -0.653379065915942, -1.48456817027181, -6.20610921178013],