{
  "N": 64,
  "x": [-4.33987986762077, -7.44009091518819, 0.563141107559204, -1.48550272453576, -6.28575294278562, 4.48588994797319, 1.53394215740263, -8.53112219832838, 5.04370372742414, -3.48587121348828, -1.35854794178158, -8.81344252731651, -8.99845497682691, -0.193819534033537, -0.722696809098125, 3.82286659441888, -8.93751527648419, 1.10247463453561, 0.0660490524023771, 2.61191707570106, -3.7389512732625, -0.0846804212778807, 7.34360074624419, -3.19693368859589, -0.943048638291657, 4.93594092782587, 0.368358781561255, 1.23199861962348, -7.51264335121959, -5.94148105476052, -3.56465787626803, 7.40599647630006, -4.88715211395174, 5.01256425864995, -4.39859881997108, -9.34679250698537, 8.75591478776187, 9.79679867159575, 2.19995812512934, -4.7427447559312, -0.301300520077348, 8.72884854208678, 9.22915519680828, -0.455503934063017, -3.08387038297951, 7.10817733313888, 6.96999348700047, 1.97393163572997, -5.50031592138112, 4.95030081830919, -5.38617317564785, -4.1855304595083, 2.33179856557399, 0.277974638156593, 6.64371937513351, -7.73253010585904, -4.84223948791623, -2.66420324333012, -1.77589111495763, -1.60384908784181, 9.31724629364908, 1.92767255473882, -7.98858195077628, 8.4615910006687],
  "y": [-0.279621523152036, 1.03656830334173, -0.240358412117361, -0.414772496631145, 0.693390622257767, -0.211444295742715, -0.298393593751063, 1.99592729387725, -0.500050267119288, -0.174709541640877, -0.308745582889103, 2.33427652903913, 2.70820777892987, -0.383211709106223, -0.445817261119999, -0.126676539997165, 2.49482430652511, -0.122740129259044, -0.252258138148945, -0.546242094095056, -0.28282449682478, -0.343093521484564, -0.503326686524982, -0.229267568838476, -0.440441324511349, -0.497600101240163, -0.149012450218582, -0.168170607380655, 1.10111611434531, 0.639554013475177, -0.434460099252484, -0.542853839469574, 0.137656414931668, -0.60270943230876, -0.228910047559997, 2.49943682119681, -1.55353315363179, -1.7438469183696, -0.627661474895117, 0.172955862689173, -0.454634033013828, -1.56739645607125, -1.30357396407804, -0.648549883781247, -0.14986515456686, -0.34298851855401, -0.422368430069494, -0.422768899344031, 0.702421114665124, -0.39561624365811, 0.552187538598762, -0.343121659784317, -0.704978722055113, -0.190603261048368, -0.489348782970702, 1.36859805864836, 0.337888999144751, -0.0706889867129986, -0.34812667980464, -0.064819173624274, -1.49253142101337, -0.2937988117003, 1.63670822559229, -1.29653540638962],
  "N_predict": 64,
  "x_predict": [9.92499363142997, -8.26680928934366, -1.74185893964022, 4.67585516162217, 3.87101311702281, -9.88305575214326, -0.345243322663009, 6.54447366949171, 9.39751972910017, -3.03198333829641, -2.06661934964359, 0.271531064063311, -8.37848926894367, -7.63122595846653, 8.54481742717326, 9.41481307148933, 0.315136015415192, -7.21953647211194, 5.34898027777672, -0.365136354230344, 3.90715886373073, -0.522616114467382, 3.5175393987447, -9.11619604565203, -6.06527850497514, 1.32892500609159, 1.42190870363265, 4.4846766628325, 6.91761835478246, 2.63601579703391, 3.51356732193381, 5.35069413017482, 4.86285943537951, 3.04828969761729, 9.06166611239314, 5.45959230046719, 2.99712004605681, 2.93408306781203, -7.51134079881012, 6.79350775666535, 2.64768319670111, 9.58580028731376, 5.96715960651636, 0.11484959628433, -6.53007864952087, 0.568425813689828, 9.89509061910212, 5.63015535008162, 4.99478620942682, -9.34468966443092, 7.0199852110818, -8.80771110765636, 4.13309968542308, -0.935857426375151, 3.80143740214407, -2.81617264728993, -6.56110420823097, 0.63243240583688, -7.64115730766207, -2.45724708773196, 2.49316143337637, 9.68222265131772, 0.629395209252834, 1.88622655812651]
}
