{
  "N": 128,
  "x": [6.24888589605689, -5.92345607001334, -0.725688436068594, -9.22244428191334, 5.83587372209877, 4.12879135459661, 8.49001749418676, 0.834190873429179, 1.28188089001924, 3.39509005658329, 0.12216601986438, -0.0448453146964312, 1.09977387357503, 9.44799256045371, -8.34468085318804, 2.65432761982083, -3.75554580241442, 6.42104840371758, -2.56221372168511, 1.12547781318426, -7.56909924559295, -6.07136712875217, 3.55804107151926, 1.71950569842011, 0.956955817528069, -8.14025349915028, -7.02583331614733, 1.06750951614231, -2.56862929556519, -1.44314245786518, 0.242299889214337, 2.33828804455698, 8.6796218669042, 8.34310349076986, 8.13846986275166, -1.0252698045224, -8.23041007388383, -5.03697863779962, -6.101577244699, -0.745568359270692, -8.37419881019741, -4.32504956610501, 7.36973542254418, 3.91764023341238, -5.9633606672287, -4.17883633635938, 2.90298474021256, -6.27612224314362, 9.99167822767049, 6.83649613521993, -1.12893622368574, -8.6918266909197, -6.59002207219601, -2.88249559700489, -3.89565053395927, 7.26499022915959, 8.92586692702025, -5.24343507830054, 7.9513964895159, -0.534049975685775, 8.65198944229633, 5.17716708127409, 6.925492817536, -1.46931888069957, 9.16784660890698, -7.82493946142495, 9.84521781560034, 2.47751824557781, 8.3891463233158, 5.30776961240917, -6.42347566783428, -5.03081309143454, 5.64058782998472, 0.785165107809007, 0.905827726237476, -6.2559956824407, 2.81067138537765, -4.54711497761309, -1.03265716694295, 2.63416222296655, -1.40951070003211, 5.17525455914438, -4.25110909156501, -5.12609970755875, -5.03857790026814, -9.82850230764598, 1.77600650116801, -7.87386028561741, -8.13588613644242, -2.44191194884479, 9.67153467237949, 2.50888088718057, -4.70901004970074, -4.41153436433524, -1.59162487369031, -6.92860413342714, -9.1528307273984, -0.376002509146929, -6.36588186956942, -6.81738279294223, 6.95181394461542, 7.73820383474231, -2.9269101517275, -4.66283666435629, -8.42157040257007, 4.65711527969688, -7.03653348144144, 7.79362305998802, -8.24523752555251, 6.61344228312373, -4.09809095785022, -8.52817176841199, 2.75601859204471, -2.35788672696799, 8.0273502599448, 0.152497850358486, 8.73266154434532, -4.48110696859658, -8.99751178920269, -3.59508755151182, -9.21345757786185, -9.65080560650676, 0.578971081413329, -6.78796495310962, 4.29458251222968, -5.66608923021704, 9.95897434651852, -7.47888296842575],
  "y": [-0.645672722258721, 0.627711719310436, -0.480473203006267, 2.59514015795448, -0.651396145897032, -0.0853537475530685, -1.38426933596693, -0.0295490220008514, -0.046255160458912, -0.395261718111242, -0.484143555910421, -0.544313419786923, -0.282969602644045, -1.46501087523955, 2.01973089161143, -0.506034881841336, -0.349710519682842, -0.507709616804835, -0.0119716600324406, -0.098400898753559, 1.05097594727255, 0.429008732738305, 0.057477356034941, -0.402972644025189, -0.169200439640812, 1.90762828488375, 0.831118943214007, -0.113619896242787, -0.0169759226035662, -0.449815603198297, -0.241774384571398, -0.570308744247135, -1.57537737881191, -1.23390778567554, -1.32603465715844, -0.558351953886334, 1.87583217574111, 0.376454948348246, 0.708581796067442, -0.510582738577138, 2.07837982810053, 0.0806515037168767, -0.488464352385688, -0.115410899866927, 0.616758650772637, -0.0839055608254243, -0.248725555581857, 0.7324282227983, -1.32735686442698, -0.417946497511062, -0.553579378777859, 2.29542292795434, 0.779640964450311, 0.0467723794589468, -0.306266678361664, -0.830773858487024, -1.4762238294675, 0.441672515077717, -0.843646974552849, -0.713016851630379, -1.41711267336466, -0.775853905949465, -0.455540458089166, -0.431890262755137, -1.39865539472755, 1.38946006653927, -1.58760204094096, -0.54155338584783, -1.3388000416377, -0.824621188559965, 0.537540755928161, 0.503357223612142, -0.867759337130823, -0.20293912562105, -0.0866388195505466, 0.552801576017445, -0.453143590900267, 0.0927130082016064, -0.715254159619605, -0.667348069267303, -0.351996800943256, -0.528585437780756, -0.209949934850589, 0.546336980092309, 0.369107368610285, 2.87634734177863, -0.569215422191066, 1.39511187759869, 1.88642334131132, -0.00594156128369867, -1.59158565308258, -0.464553665992557, 0.292687322467625, -0.0665416270632864, -0.296638628738842, 0.694482615858336, 2.51366287118616, -0.396446339464235, 0.695701236065229, 0.635641683890738, -0.42775051516934, -0.7592165426259, -0.0562108975986915, 0.085328850475174, 2.09713838463198, -0.339915783630394, 0.638150460267377, -0.754041602346669, 1.85949306403527, -0.461650130604492, 0.00604281001411056, 1.9498069701973, -0.325504467862561, -0.00647448102615864, -1.08475024264392, -0.29917849361161, -1.33020208764319, -0.0881312531214059, 2.38710158592671, -0.152423329340103, 2.62704843695838, 2.64831534857548, -0.0903475746581646, 0.619903052632958, -0.0585389597309174, 0.650162599401718, -1.55960227407826, 1.00068243044704],
  "N_predict": 128,
  "x_predict": [-1.92741642240435, 5.2025631070137, 7.40452213678509, 0.531195113435388, 2.56470907013863, 5.92873251996934, 4.20259238686413, -9.74294400308281, 5.52777304314077, 9.59653353318572, 2.53032648004591, -5.26634858455509, 5.61028461903334, 5.50879286136478, 8.216357906349, -3.19400356151164, 2.10929340682924, -0.145348375663161, 0.362504525110126, 6.84029492083937, 7.29329126887023, 4.55115113873035, 1.57542487140745, -1.00657458882779, -6.96956255473197, -8.6057106545195, -3.70188681408763, 4.21627955045551, -8.78135072533041, 4.52598922885954, -4.23149385489523, 7.8336300002411, -7.89944478310645, -7.75061242282391, -5.36257954780012, 4.36665991786867, -7.55123015493155, -6.90915149170905, 8.17034482490271, -4.25624951254576, -5.91593066230416, -7.3154302733019, -7.13154189754277, -1.71548855956644, -7.01119467616081, -0.49377101007849, -1.17529826238751, 1.08644071035087, -2.46795322746038, -0.664264652878046, -2.32193039730191, 0.926678194664419, 4.23094344325364, 7.77140255086124, -7.36133640632033, 3.96065385546535, 3.90283920336515, 3.81561919581145, -4.90414322819561, 7.67610779497772, -9.83404187485576, -3.68302071467042, -1.94371990859509, 8.01803923211992, 8.70601235888898, 8.57137719169259, 5.74328307062387, -5.61876670923084, -0.114223752170801, 1.69441851787269, -8.57660795096308, 6.14456362091005, -0.615475098602474, 0.562170189805329, 4.34473030734807, -2.57629449944943, 3.48416776861995, 4.52713503502309, 8.40312570799142, 4.11077067255974, 5.92558152507991, 8.8722768239677, -3.46900915261358, 1.72665292397141, 9.95135918259621, 1.64253550581634, 0.747976801358163, 1.56338115688413, 4.80773389805108, 2.85830189939588, 6.44132397603244, 4.82307615689933, 0.289502260275185, -5.21189882885665, 5.34500192850828, 5.7858046842739, -8.60934748779982, 7.3978683585301, 7.02660607174039, -4.8930393345654, -7.26637881249189, 5.49198851455003, -0.704488418996334, -4.54756586346775, -3.59368538949639, -0.815835865214467, -4.62017970625311, 8.47515696659684, 8.18083692807704, 7.31362042948604, -7.50805728137493, -8.68977694772184, -3.83169720880687, 8.55569579638541, 9.9517949251458, -8.10597019735724, -2.9982735728845, -0.99361480679363, 5.21708206273615, -8.89921666588634, -0.555241396650672, -8.39373845141381, -3.79700666293502, -4.51030693948269, 2.48293474316597, -2.42788125295192, 9.57268211059272, 3.17969825584441]
}
