{
  "N": 32,
  "x": [-2.34963324386626, -7.54464949946851, -1.98525334242731, -8.01171257160604, -0.115899760276079, 9.8593880655244, 6.59919584169984, 1.9486661022529, 6.42202017363161, 7.54143548663706, -0.535186100751162, 3.88292348012328, 3.6042567063123, 2.18911013565958, -1.1980767827481, -0.651146085001528, 6.40801260713488, 2.32111814897507, 5.20569932181388, 1.25750355888158, 1.77002659067512, 4.51792072504759, 1.1489184293896, -0.844475082121789, 0.373855684883893, 1.62587211932987, 2.20284150447696, -9.28652634844184, 9.94729686528444, -7.30947112198919, -5.80970995593816, -4.00817530229688],
  "y": [0.000603787477831223, 1.33112090313881, -0.205577738777445, 1.59995796634084, -0.252672041493163, -1.65689802357878, -0.421704361798143, -0.369069598903986, -0.41323210602794, -0.731922918436436, -0.454421750069837, -0.0558256544464736, -0.241611139497751, -0.562643194505966, -0.371014338520419, -0.421856630137854, -0.444773947272081, -0.553278124709716, -0.479788974405653, -0.473861607997278, -0.570377463790148, -0.121255414792132, -0.189356443988715, -0.636164431791394, -0.181748974611848, -0.43593386555155, -0.560595681521215, 2.46275854055558, -1.56246385738687, 1.09632264774581, 0.573065404330652, -0.225337874765532],
  "N_predict": 32,
  "x_predict": [5.75078617781401, 1.49937901645899, -1.89560673199594, 2.1558754472062, 0.554955727420747, 8.55370862875134, 1.65038467850536, -8.05297543294728, 3.94420967902988, 3.9040467934683, -5.96475944388658, -2.30587078258395, 4.06603950075805, 5.93737870454788, -2.22265338990837, 3.98524974007159, -6.54707813169807, 8.36929795797914, -1.44870015792549, -3.42912613414228, 3.76984779722989, 5.08030432742089, -3.23716041166335, -0.0357596483081579, 3.61819983460009, -1.63753103464842, 7.82455728854984, 7.35442536417395, -5.99572133272886, 6.46622186992317, -4.82811749447137, -0.362260825932026]
}
