{
  "N": 64,
  "x": [0.503297336399555, 3.19254968781024, -6.17692743893713, 7.97830710187554, -4.46661946829408, 1.75501513760537, 1.08097153715789, 8.22041142266244, -5.00933086965233, -6.34575323667377, 4.33043578173965, -9.37185042072088, 3.37898697704077, -5.80771427601576, -9.19005653355271, 4.32038637343794, 8.59884532168508, -5.30588008463383, 6.80211830418557, 2.88739387877285, 9.30140684824437, -5.13694531284273, 6.52394352015108, 9.11826462950557, 9.7015115711838, 7.01770595274866, 8.50696241483092, 3.24024575296789, 6.8068761844188, -4.94404752738774, 5.99372653290629, -3.83346876595169, -2.36623058561236, -0.0145617919042706, 7.02046447433531, -8.44829522073269, -6.48479240946472, -7.85012914799154, -9.00607123039663, -6.44935252144933, -2.11060063913465, -2.68029934260994, 8.15780724398792, 0.710520506836474, -5.38601966109127, 7.3357852967456, 6.42563451081514, 9.53720198012888, 5.62346898019314, -8.77431783359498, 2.65201568137854, 8.10964092612267, -6.0002899589017, 5.18254479859024, -4.62958170101047, 5.20284975413233, 7.03047772403806, 3.40206303168088, -9.27266139537096, -1.62275157868862, -3.39719192590564, 5.93180182855576, -3.19744422100484, 6.93786596413702],
  "y": [-0.037707087643506, -0.337616420646781, 0.600227397901052, -0.884895228931859, -0.125563283863572, -0.307951807412346, -0.135476847206698, -1.31797727517035, 0.2396327648691, 0.738478430888802, -0.185994162026149, 2.64489447362274, -0.115488564801771, 0.643525490881961, 2.47481067612577, -0.0231507810865864, -1.26232933177788, 0.352162366588396, -0.498249543635472, -0.452440955961347, -1.39086216554335, 0.315404930573133, -0.525705263810765, -1.54408922157223, -1.25556700395425, -0.484869542432942, -1.48591953978776, -0.274613814825566, -0.61398107394842, 0.447967636181855, -0.643658808885232, -0.237188647722616, 0.0736032777357132, -0.397438802439983, -0.300269178788774, 2.15791057228506, 0.607125143395081, 1.29395149335084, 2.53681274802759, 0.823449149485034, -0.0868199512460317, -0.191174440972195, -1.06555183296128, 0.0391872952319741, 0.665660154341691, -0.449797216768134, -0.585337902782187, -1.6072587337007, -0.813097904948883, 2.14830332500987, -0.470889110145791, -1.05808723450095, 0.700463500721688, -0.443042244517412, 0.0932314179499821, -0.436047708405398, -0.528063929603346, 0.0155138390405116, 2.55141009725361, -0.435075768267145, -0.127540179278189, -0.682410989853025, -0.108233673132356, -0.386195584891173],
  "N_predict": 64,
  "x_predict": [-7.39776512607932, -7.74859667755663, -0.464480733498931, 0.299400589428842, -1.99868131428957, 3.11265934724361, 7.07317464519292, -6.07399854809046, 1.68166819494218, 0.733407638035715, 7.46327459346503, 0.330171152018011, -9.33489670976996, 9.68102731276304, 0.444202069193125, 2.75505552999675, -7.09857790265232, -5.61558356974274, -5.03796867560595, 8.22081294842064, 0.374281271360815, -9.18339748866856, 3.38420180138201, 9.14759412873536, 4.77276525925845, 7.38179426174611, -4.62734474800527, 8.32850401755422, -3.71613856870681, -3.27281324192882, 4.18301098514348, 1.31213834043592, 9.80586538091302, -4.08410695381463, 1.85878188814968, -5.99666384980083, -5.21473320666701, -9.72103483043611, 9.43897844757885, 0.698605463840067, 6.33041028864682, 4.57069890573621, 4.36236516106874, 5.27952008880675, -6.66005440056324, -3.24666569475085, 5.92800001148134, 2.43616068270057, 6.94794656243175, -3.04085337091237, -1.48046158719808, 0.755631970241666, -4.9854884063825, 2.36728012561798, 0.200330503284931, -4.37212241347879, -2.28622746653855, 3.82384183816612, -4.80864566285163, -0.140125062316656, -1.1026305379346, -5.50870676059276, 1.92257848568261, -4.37391079030931]
}
