{
  "N": 16,
  "x": [0.948107666336, -3.83674427401274, 8.56016949750483, -9.64372488670051, 7.16820009518415, -5.64118942711502, 4.62199215311557, -7.28083757683635, 0.800181576050818, -9.16386137250811, -7.08233567420393, -5.06408682093024, -2.05641108565032, 8.77193545922637, 4.10557443276048, -9.0380528382957],
  "y": [-0.118636093261137, -0.24327796681834, -1.64192779789983, 2.71952265756056, -0.629455262959261, 0.581597472792516, -0.554750795870931, 0.99630023559906, -0.0851637769569141, 2.50481054924161, 0.791694164964287, 0.366491179374878, 0.0525863792413002, -1.55939616225371, -0.0441755002255031, 2.51923850103887],
  "N_predict": 16,
  "x_predict": [4.41835205070674, 3.4880636446178, -1.15697813685983, -5.84753351286054, 8.27764253132045, -9.7634412208572, 5.30148888472468, -1.5550535870716, 1.59847522620112, -7.90325256995857, 0.507933371700346, 1.35887411888689, -0.324997585266829, -4.26526932511479, -9.31454552337527, -1.64337085559964]
}
