{
  "N": 128,
  "x": [8.04392491932958, 2.13554197456688, 6.0825846157968, -9.04763558879495, 5.06627947557718, 2.20488853286952, -8.4025209909305, -3.13025240320712, -0.638871346600354, -3.71920596808195, -7.34495843760669, -8.46344694960862, -4.10192988347262, 6.29902338143438, 8.72785679064691, -3.985914606601, 4.90742610301822, 9.99060711823404, 0.691438387148082, 2.2063304297626, -3.48756642546505, -9.25764936953783, -9.75893319584429, -2.03561976086348, -3.7121476046741, 3.90456711407751, 7.35272281803191, -8.96779183764011, 2.12721011601388, -5.06438972894102, 6.73766451422125, -2.63863950036466, 7.48266723938286, -8.70255355723202, 2.19095425214618, -9.89360005129129, 8.09386251028627, -4.75914941169322, 3.60265085007995, -7.43917915504426, -1.41016459092498, -2.65249192714691, 2.55068053025752, -5.83199778106064, -4.56313796807081, -6.08094224240631, 4.52183115761727, 7.6540890801698, -1.94200691301376, 9.17386213783175, -9.87434392329305, -0.677493219263852, 2.25507772993296, 7.39860764704645, 6.67795821093023, -1.36219537816942, -1.02882116101682, 3.25925425626338, 0.879192319698632, 0.214037396945059, 8.31787619739771, -0.0799849862232804, -0.928537752479315, 7.13424067944288, 1.54193310067058, -2.11625159718096, -8.81422250065953, -0.892868121154606, -6.20388567913324, 0.970117002725601, 3.48576957825571, -3.75928764231503, 3.73496906831861, 0.143253193236887, -4.98591523151845, -1.95910343434662, 9.65412421617657, 4.23474569804966, 1.52164770290256, -5.79735123552382, 7.94053365476429, 4.65148720424622, 2.60678803082556, -3.09503298718482, -7.97407738398761, -5.25292790960521, -2.57239219732583, -7.546346639283, 1.03741403203458, 2.489082692191, 0.731123988516629, -7.04154960345477, 1.81281447876245, 5.17827282659709, -7.12462172843516, 5.85805356502533, -9.13165746256709, 5.05230777896941, 3.3046515379101, 1.80177072994411, 1.18181585799903, -7.91347539518028, -5.0991061097011, 9.55014607403427, 2.69057822413743, -5.31840431503952, -4.11226997617632, 2.14629542082548, 3.57898660004139, -5.79353515990078, -2.40519499406219, -5.81553622148931, 9.30336397606879, 7.61382973752916, -9.61418046150357, -7.0419045118615, -7.18050885945559, 2.03917276579887, 5.59813986066729, 1.54713098891079, 0.43545778375119, -3.03267343435436, 9.85041582491249, 9.48804818093777, -5.0420408975333, 5.58780193328857, 0.486773010343313, -4.95291007682681],
  "y": [-1.23400866950933, -0.465384106358053, -0.521733242501337, 2.55162122949584, -0.441576397616676, -0.477909988881314, 2.1961286027064, 0.00459183177103076, -0.677140230457468, -0.441014528637836, 1.16234934732246, 1.92679008007622, -0.225835271282598, -0.650696934943284, -1.53075927613877, -0.353168973596584, -0.608575343613468, -1.8957797575233, -0.168538543175022, -0.661354959618266, -0.245561739225803, 2.461822058866, 2.61487059164019, 0.130693468764737, -0.397901506118881, 0.00895755782056284, -0.592435303181612, 2.39866740823396, -0.219335240588613, 0.521317843623732, -0.334544490404004, -0.216797185519302, -0.787903895894283, 2.2708255910545, -0.523518130314158, 2.63448792315937, -1.04441258141468, 0.133164991502181, -0.0852231970477264, 0.985743509196894, -0.304674992352812, -0.059681430069751, -0.485149009739867, 0.716980750578369, 0.073397114949351, 0.840048595832724, -0.298894119391521, -0.861959819822151, -0.276590856393851, -1.56113934260006, 2.80336124417516, -0.653578019032926, -0.287481153013391, -0.531254545349398, -0.38057290491444, -0.531449759623847, -0.52827509928427, -0.231116143831463, -0.150621279681594, -0.122319126913951, -1.17653909227273, -0.476670320418945, -0.733645074507819, -0.519042167168092, -0.187235438469167, -0.021568767727456, 2.26019582569642, -0.471954262790879, 0.767001449508424, -0.0566202118791614, -0.19388786369134, -0.260716666267787, -0.0247087263992541, -0.137767452058589, 0.370329533564801, 0.079375563096955, -1.45660765358873, 0.0315538635992872, -0.104459622519819, 0.818390931537776, -0.928932005904334, -0.246456268075048, -0.618271771561423, -0.395896066279815, 1.62909943333212, 0.480529703396486, 0.0188030039805565, 1.1840167626907, -0.0796887172713499, -0.543166346451451, 0.0395545769717537, 0.802702757956363, -0.459259531418107, -0.518404391748084, 0.851650397138736, -0.564254892438998, 2.45863129152905, -0.409781857951967, -0.158236625466971, -0.416674341494883, 0.0468558161818567, 1.48245603792844, 0.290031293151903, -1.57049762252566, -0.44459509456891, 0.695387894030054, -0.164618794375562, -0.467400506129565, -0.0193924346050071, 0.717243585866834, -0.0457631269700622, 0.753079539231851, -1.5260823803932, -0.615400369828265, 2.72402279842886, 0.823447779302362, 0.970448641587338, -0.354221254646622, -0.7009313207076, -0.327140708448542, -0.171299460641299, -0.0900699749946718, -1.42774148170462, -1.51493768669547, 0.585736983175427, -0.605975978121356, -0.164994252170931, 0.430875508368049],
  "N_predict": 128,
  "x_predict": [4.01257121469826, -7.28310055565089, 1.64011623710394, -0.959654864855111, -9.63142894674093, -8.27779700048268, -3.11454428359866, 2.33068500179797, 6.25441891606897, 0.667279022745788, -1.37958079576492, 6.25681703910232, 1.39381153509021, -5.59476290363818, 3.68874487001449, -5.0762650417164, 2.35396451782435, -7.3892067046836, 7.118054991588, -5.31323958653957, -1.40472303610295, -2.89486755616963, -0.457894494757056, 6.76218905020505, 5.51843255292624, -6.73654835205525, 4.97148463036865, 2.26965976413339, -1.58938455395401, 2.26462131831795, 5.25249224621803, -0.212190658785403, -8.85033672209829, 0.837930087000132, 6.0293823806569, 9.52328694052994, 1.78355908486992, -8.90249218326062, 6.34792016819119, 6.94754475262016, 4.96224772650748, 6.12738119438291, -1.05544303543866, 7.33879848383367, 3.15100025851279, 0.200728056952357, -4.42988552153111, -1.73932907637209, -7.25043877027929, 6.33201032876968, -7.6674719247967, 5.76053072232753, -8.68559533264488, 7.61530550662428, 6.60598399117589, 5.6376526877284, -5.99364101421088, 4.72448640502989, -5.9362526750192, 0.258149830624461, 4.17923819739372, 8.56133453547955, -4.0221708919853, 1.41383804380894, -2.411596942693, 4.36582738533616, -7.02701329253614, 9.12548162974417, 3.48507259041071, -2.28668673895299, 3.37805837858468, 6.21877287980169, 2.39699016790837, 5.72167812846601, 7.44832346681505, 6.97300014551729, -1.51281467173249, -2.3918735422194, 4.40722331870347, -8.9383045071736, -2.90827828925103, 9.9409489100799, 0.0848053023219109, -2.06917736213654, 0.502573815174401, -9.30466135032475, 0.546982353553176, 8.06761242914945, 8.51471095811576, -4.3358362512663, 9.5478104474023, 9.39796791877598, -3.58263787813485, -2.15157868806273, 0.537752141244709, -4.02584180235863, 3.80275633186102, -6.73821916338056, 5.79722333233804, 9.91012797690928, -0.562181863933802, -6.45441750995815, 2.07398070022464, 0.925845922902226, -1.80610480252653, -6.0242472961545, -1.68503754306585, -7.88524276576936, 1.50330153293908, -1.14628863055259, -8.36815261747688, -8.57228791806847, 3.20068809669465, -7.91692957282066, 0.981920408084989, 9.31558811571449, -6.50627055205405, 3.49612106569111, 1.29365094937384, -4.44757930468768, 5.56440830696374, -9.45403789635748, 4.77201868314296, 0.507234134711325, 2.14355252683163, 9.35156864114106, -8.02804480306804, -8.09501935262233]
}
