{
  "N": 64,
  "x": [6.02085003163666, 7.12382548488677, 2.58424037136137, -1.48105297237635, -0.235727797262371, -3.83618411142379, -2.46496029663831, 1.60175016149879, -4.02696004137397, -9.2678192211315, 3.04743207059801, -0.284120896831155, -8.69243462570012, -7.56753471214324, 1.13647020887583, 6.71549115795642, -1.88067987561226, 7.33227286022156, 4.44068675860763, -7.62491258326918, 4.09018144011497, 5.86032860912383, -9.71151488833129, -8.68421783670783, -6.09876218717545, -2.9563239403069, 2.62481686193496, -1.50695698801428, -2.11219041608274, -8.21475509554148, 0.362820229493082, 8.89522675890476, -7.35065567772835, -7.31811999343336, 4.74841400049627, 9.04161110986024, 8.88908733148128, 4.24033434130251, 8.76420276239514, -1.98113377206028, 8.68795492686331, 3.5801899805665, 9.46874672081321, -8.37481875438243, 0.875993939116597, 1.01689172443002, -6.26005203928798, 9.69429101794958, -8.06697339285165, 5.2298726933077, 2.1645812690258, 7.33295651618391, -9.99638002831489, -3.21181700564921, -3.79720629192889, -4.03932253364474, 8.98753305431455, -7.17120917048305, 1.84166746214032, -9.23850726801902, 6.08752399217337, -5.72170795407146, -7.23111585713923, -5.07252331823111],
  "y": [-0.739146809962735, -0.504168022504355, -0.505015144225362, -0.240159369318573, -0.349510593145619, -0.268751696258936, 0.0725088378599589, -0.363346114700414, -0.0680162445230319, 2.57565896425252, -0.400637871025803, -0.520263562723374, 2.36665251151253, 1.10406991893537, -0.0798945466619692, -0.393749856794474, -0.193334251410425, -0.706647012883276, -0.234963296180871, 1.25731277280526, -0.0686095492533502, -0.688959211128403, 2.68698045268325, 2.23099892229349, 0.627570100452151, -0.217802622919895, -0.528137260086774, -0.221169490877493, 0.113690045192078, 1.93396984478845, -0.219805816295246, -1.62798194224018, 0.9486326575904, 0.835283655989925, -0.384046295068175, -1.6659206194357, -1.5256588841432, -0.22094025502403, -1.50754948367847, 0.0145970289499033, -1.51700274944054, -0.271644681042523, -1.61616367778083, 2.11513908776813, -0.0807702221525366, -0.0852425553592972, 0.634626667103892, -1.5284807358746, 1.72252716688654, -0.47351474939687, -0.652980957954281, -0.726752617615715, 2.93488099866863, -0.372250121597254, -0.266415862111903, -0.374014240028634, -1.60695941222771, 0.720371727264265, -0.519368598095435, 2.63213822318186, -0.477750491266645, 0.729533740410991, 1.03447836212889, 0.297998093391247],
  "N_predict": 64,
  "x_predict": [-4.48385492898524, -5.84067811723799, 8.30090862233192, -8.7645892938599, 7.64852365013212, 7.20629202201962, 6.96600672788918, -4.31315907742828, 8.49104071501642, 7.6469370117411, -7.77867761440575, -0.67653370089829, 3.26258084736764, -7.09153440780938, 1.96310339029878, -3.64105863031, -6.37532948050648, 0.320476801134646, -9.95557009708136, -0.655887736938894, -1.30479509476572, -5.44066647067666, 3.35534507874399, 0.671079684980214, -7.04985811840743, -5.78481993172318, -7.94657857622951, -7.46082832571119, 5.06901041138917, 7.34182396437973, 5.11690073646605, -0.795948742888868, 7.29015711694956, 7.8647176688537, -4.96240939944983, 6.11148582305759, -0.258913501165807, -3.96050995215774, 6.72440327703953, -6.42615028657019, -8.17335193045437, -4.8768728133291, 6.57710715197027, 2.64733741991222, 3.94938996993005, -7.07428420428187, -8.94757956266403, 3.62059080041945, -2.51942132599652, -2.56782404147089, -9.72291316371411, 3.01087107043713, -8.40740235988051, -4.37050563283265, 2.41720410063863, -8.2237462606281, 4.10608744248748, 8.76492944080383, 4.62513888254762, 4.0742797870189, 9.55670202616602, 2.72099775727838, -1.93270167801529, -3.69103518780321]
}
