{
  "N": 32,
  "x": [-0.542386039160192, -0.318822404369712, 1.63629770744592, -6.57857552170753, 4.71156585495919, 0.181880523450673, 9.61437596008182, 6.91279750782996, -6.83858801610768, -1.3762038666755, 3.46700475085527, 9.18530090712011, -6.90853423904628, -9.62668789085001, -5.62115040142089, -7.36769237089902, -8.61190428026021, -7.95218040235341, 1.4174079708755, 3.31521423067898, -4.98298224061728, -6.86542995274067, 9.52552937436849, -9.2937202565372, -0.450805076397955, -1.94599731825292, 4.98350255191326, -7.32343387324363, 1.89427544362843, 4.11329940427095, 0.0960686104372144, -8.29456367529929],
  "y": [-0.626914044924855, -0.509924116420796, -0.25101384405302, 0.624386906630313, -0.410925867504409, -0.0888550953134623, -1.52074189845595, -0.417768414664632, 0.645320015985769, -0.488624663370818, -0.0695699294584637, -1.47362417037719, 0.557093711058404, 2.8289255130676, 0.7016105245161, 0.970773112584472, 2.21397179598628, 1.56824116492704, -0.138294010359937, -0.0717610584499071, 0.0905050942435574, 0.682229348765297, -1.50472089910774, 2.66340982396511, -0.492081753114695, -0.0968523935669902, -0.455385716869496, 0.854152316788548, -0.320180716397934, -0.114698910764136, -0.25644393543281, 1.9647562520605],
  "N_predict": 32,
  "x_predict": [-2.38609058316797, 3.35479486268014, -7.92370717506856, -6.34073369670659, -0.148341953754425, 0.793907255865633, 8.52631825022399, 0.362876025028527, -5.5282901506871, 5.01414067577571, 2.17129613272846, 7.01515422202647, -6.07418905477971, 3.64413611125201, 2.97091922257096, 8.74142594635487, 2.31764261145145, 0.882079578004777, 8.94945498555899, 6.13454688340425, 2.83938334323466, -4.01005779858679, 4.58152417093515, 6.99173928704113, -9.96076019015163, -2.86724573466927, -4.65597263071686, 9.28284230642021, 9.90092263091356, -7.77883210685104, -7.24668683484197, -5.80734399612993]
}
